experiment,display_name,class_id,class_name,n,precision_mean,precision_std,recall_mean,recall_std,mAP50_mean,mAP50_std,mAP50-95_mean,mAP50-95_std
rtdetr,RT-DETR-L,0,Damper - Spiral,3,0.9056762924647173,0.014240805172620068,0.8119399809098188,0.011820216378591005,0.8396913013844405,0.010072251923262549,0.6678948809714622,0.012426016782770506
rtdetr,RT-DETR-L,1,Damper - Stockbridge,3,0.8948560687124071,0.004907013139350881,0.9248622266695965,0.0058845148775082705,0.9493630014182352,0.0046116188918138125,0.7422935786950057,0.004507684610894614
rtdetr,RT-DETR-L,2,Glass Insulator,3,0.8672273209249759,0.007104927494054801,0.8660748833929416,0.02138815741162126,0.9027603975367318,0.011272949734150337,0.7073841601268603,0.015183013031146848
rtdetr,RT-DETR-L,3,Lightning Rod Suspension,3,0.9669173911503367,0.010738079981588837,0.9258568615442625,0.00501589482393758,0.9364127517436418,0.005561987222706287,0.728974636180826,0.007883764504443086
rtdetr,RT-DETR-L,4,Polymer Insulator,3,0.8651228063802352,0.0010262267754350435,0.9256349843756096,0.0036303018789376083,0.9136431261844506,0.001246706373761688,0.786997871499652,0.009344521838624427
rtdetr,RT-DETR-L,5,Polymer Insulator Shackle,3,0.8894968057127504,0.007060572782531144,0.8363835234117125,0.011765868363165097,0.8993449079831294,0.007984794056657042,0.618723545723232,0.013191740812720133
rtdetr,RT-DETR-L,6,Vari-Grip,3,0.9513990595259895,0.015597980973481832,0.9569386411412841,0.003311360218467195,0.9682699689308227,0.005468542293918231,0.757314650312644,0.007734766298038451
rtdetr,RT-DETR-L,7,Yoke,3,0.8945750866374225,0.0052885695994144884,0.8860193614724181,0.006862146541648206,0.9272239602410066,0.005678544784095956,0.7140426772504606,0.0033697320391870844
rtdetr,RT-DETR-L,8,Bird Nest,3,0.9895606584313351,0.0007795578398044106,0.9841287844545202,0.0015247988192441987,0.9943634614606277,9.757791403096809e-05,0.9593247790644317,0.001079933599608215
rtdetr,RT-DETR-L,9,Plastic Bag,3,0.884238700903752,0.00862463165344267,0.8414746587640232,0.010462490747664917,0.8957646853490581,0.003651546319238029,0.799616245694797,0.0040574443544510235
rtdetr,RT-DETR-L,10,Fluttering Object,3,0.9452128029112588,0.003278935621645902,0.9250849552054371,0.0028313720697904442,0.9618208870502587,0.0008508146573101377,0.8730464815734652,0.002839412003629326
rtdetr,RT-DETR-L,11,Balloon,3,0.8768625468193333,0.006567098262595524,0.837881896636977,0.0042014242385520414,0.8947803715351073,0.004702557132013503,0.7229233946691404,0.004331448182226254
rtdetr,RT-DETR-L,12,Broken Power Lines,3,0.7172033222998851,0.009798676422993006,0.5310376820166135,0.017761827906381582,0.580038596441186,0.007212765524615221,0.23887694581046964,0.007914708956707116
rtdetr,RT-DETR-L,13,Broken Insulator,3,0.9979421500607598,0.0029067598018804332,0.9971236019102728,0.004982067634201525,0.9947860962566846,0.00037049215135155096,0.41012138787972324,0.06383749475582384
yolo26,YOLO26-L,0,Damper - Spiral,3,0.9013657160945083,0.04297734134225372,0.753298673489441,0.012816287632773518,0.8175021812164829,0.01649320217417606,0.6415282422625248,0.012559391068704228
yolo26,YOLO26-L,1,Damper - Stockbridge,3,0.9158913718864904,0.02021517593255968,0.9163282207941762,0.0049212648761963835,0.9566250106604888,0.0005546695019475947,0.7444377165926682,0.00577644121007966
yolo26,YOLO26-L,2,Glass Insulator,3,0.8861968198755066,0.02424353646472816,0.8493281780528804,0.003776960150943455,0.9160012514693111,0.008571113665654969,0.7551646880660289,0.008251144950042956
yolo26,YOLO26-L,3,Lightning Rod Suspension,3,0.9573205938435663,0.011426138756512348,0.8902320421165735,0.016803498831992888,0.9063739855109452,0.00660368201175139,0.6802611366849052,0.008415426790783814
yolo26,YOLO26-L,4,Polymer Insulator,3,0.9211773939683062,0.015338129960513062,0.9181286549707602,0.009130114032746162,0.9331983785501092,0.0010953004021228131,0.8398797803619947,0.007038223009962757
yolo26,YOLO26-L,5,Polymer Insulator Shackle,3,0.8673155424343233,0.032432758879787894,0.8660712427279872,0.0158468946016315,0.9107675450402851,0.009994631087920237,0.6441601494968625,0.01128421587157334
yolo26,YOLO26-L,6,Vari-Grip,3,0.9181187118659224,0.016832156296513735,0.9415456311590451,0.02410840447884303,0.9542511271902276,0.011849744051386097,0.7288404574177295,0.01602418772134421
yolo26,YOLO26-L,7,Yoke,3,0.9034955252252447,0.01965500078345551,0.8803351819798418,0.019345465178832948,0.9294121218548954,0.001811185838309356,0.7167260880127362,0.0035776444114665063
yolo26,YOLO26-L,8,Bird Nest,3,0.9849555938617836,0.0038147792026831827,0.9798304412501317,0.004439107032808043,0.993669604130376,0.00023601120488664975,0.879650280147976,0.04934643426766479
yolo26,YOLO26-L,9,Plastic Bag,3,0.8719012632823985,0.025146845003071232,0.8415827207032158,0.014070670233082654,0.911343029319401,0.006144147289565076,0.7764475193668439,0.022155675553497144
yolo26,YOLO26-L,10,Fluttering Object,3,0.9316415883425897,0.007607262210517729,0.927710843373494,0.0060240963855421326,0.9653338255961336,0.002326457684665598,0.7632203989487518,0.06704094459313067
yolo26,YOLO26-L,11,Balloon,3,0.8622788365633768,0.015968123760821535,0.8410810942239586,0.01209907452731693,0.9034601809476158,0.002518501342485593,0.7014184051735365,0.023722442314475272
yolo26,YOLO26-L,12,Broken Power Lines,3,0.7072287372956457,0.04748022559835258,0.5168188907851925,0.01816503862424348,0.5817248883367727,0.02282211779476317,0.23632108970449442,0.028189148442144984
yolo26,YOLO26-L,13,Broken Insulator,3,0.9852624635710198,0.007249405707053076,0.9802867383512545,0.011191752685301778,0.9940364320457218,0.0008078587486431975,0.8470578454806302,0.015492339393377673
yolov8,YOLOv8-L,0,Damper - Spiral,3,0.9097676032629077,0.015930805401221,0.8178294573643411,0.00888096064913924,0.8430736634572549,0.0076048004355934755,0.6854907769300378,0.008770357995781713
yolov8,YOLOv8-L,1,Damper - Stockbridge,3,0.9313318766401836,0.006955324212453102,0.9315634040041294,0.0055263152560601665,0.9601963778663447,0.0077272738179391745,0.7602504627358206,0.0019417676438048782
yolov8,YOLOv8-L,2,Glass Insulator,3,0.8679025060105244,0.007936634965062835,0.9134078344030957,0.010226811234089053,0.9263664854641777,0.005693540556655368,0.7416062663509214,0.00868872216017709
yolov8,YOLOv8-L,3,Lightning Rod Suspension,3,0.9659717854868445,0.014176160285798165,0.9150326797385621,0.005660296756761017,0.9370453177094671,0.01395631112408608,0.7376592499222647,0.011376232473715745
yolov8,YOLOv8-L,4,Polymer Insulator,3,0.9298429100575234,0.00767329739996374,0.9306538940821623,0.005501949327506581,0.9324841918513295,0.003934674672618012,0.8325024509849128,0.005080219253428803
yolov8,YOLOv8-L,5,Polymer Insulator Shackle,3,0.8859076459990309,0.0138222893432558,0.8758575680040555,0.01760799267787492,0.9116515753719039,0.005295018104900578,0.6480643264532215,0.0050245762218948265
yolov8,YOLOv8-L,6,Vari-Grip,3,0.9486590327065074,0.0019929388460469236,0.9536135505847171,0.006579313660160113,0.9704568112089539,0.002283914990981642,0.7515042960374362,0.00510200468210764
yolov8,YOLOv8-L,7,Yoke,3,0.9192792555551228,0.014157701071658983,0.8904366116337935,0.007243541053516261,0.946291975473504,0.0055729127283459445,0.7305001282908219,0.003861250241284484
yolov8,YOLOv8-L,8,Bird Nest,3,0.9870301873021118,0.001561636572621936,0.9878886078156935,0.002425627573900378,0.9945459653283992,6.361391299487099e-05,0.9707955187096508,0.0011542696650169233
yolov8,YOLOv8-L,9,Plastic Bag,3,0.8867809114490722,0.006087951347435369,0.8426953176115787,0.016695145447271114,0.9131791012691248,0.00605908574030489,0.8216934275305687,0.005971858059529481
yolov8,YOLOv8-L,10,Fluttering Object,3,0.9310437650896827,0.004229844756519095,0.9288833282112883,0.0016220534890375483,0.9686663820194135,0.0008523078694591563,0.9142212079959152,0.004991366996600518
yolov8,YOLOv8-L,11,Balloon,3,0.8760385666498587,0.004300902051218565,0.8487429408635921,0.0007259875127996418,0.9098121429599206,0.00027039070280940797,0.7406873981744478,0.0027149695100909875
yolov8,YOLOv8-L,12,Broken Power Lines,3,0.6702569893897049,0.014054316142612234,0.5050753894294924,0.015345196388875682,0.5619990658234311,0.015157838980674902,0.24428933189088967,0.007207330979468731
yolov8,YOLOv8-L,13,Broken Insulator,3,0.9921338912478941,0.00342694783415897,0.996415770609319,0.003104033705320566,0.995,0.0,0.8844397980534631,0.00814912997444157
